,City,Cloudiness,Country,Date,Humidity,Lat,Lng,Max Temp,Wind Speed
0,Castelo Branco,100,PT,1575831144,93,39.82,-7.5,52.0,3.42
1,Road Town,40,VG,1575831145,66,18.42,-64.62,84.2,5.82
2,Sweetwater,1,US,1575831147,30,32.47,-100.41,72.0,18.34
3,Busselton,0,AU,1575831148,47,-33.64,115.35,57.99,10.74
4,Talnakh,99,RU,1575831149,75,69.49,88.39,-20.2,8.95
5,Taoudenni,100,ML,1575831150,21,22.68,-3.98,75.43,11.1
6,Port Elizabeth,1,US,1575831151,49,39.31,-74.98,48.0,5.82
7,Akdepe,78,TM,1575831152,29,42.05,59.39,37.4,6.93
8,Port Alfred,94,ZA,1575831153,72,-33.59,26.89,64.99,5.01
9,Vaini,100,IN,1575831155,85,15.34,74.49,67.75,6.17
10,Bluff,16,AU,1575831156,74,-23.58,149.07,72.39,10.0
11,Ushuaia,75,AR,1575831157,70,-54.81,-68.31,50.0,8.05
12,Lata,31,IN,1575831158,5,30.78,78.62,23.38,7.7
13,Gravdal,40,NO,1575831159,70,59.79,5.78,46.4,27.51
14,Fort Nelson,90,CA,1575831160,84,58.81,-122.69,5.0,3.36
15,Riachao das Neves,43,BR,1575831161,46,-11.75,-44.91,89.62,3.67
16,East London,75,ZA,1575831125,82,-33.02,27.91,64.4,9.17
17,Santa Maria,75,BR,1575830948,83,-16.02,-48.01,69.8,9.17
18,Ukiah,90,US,1575831008,93,39.15,-123.21,57.0,2.28
19,Hithadhoo,92,MV,1575831166,79,-0.6,73.08,82.94,13.56
20,Adre,0,TD,1575831167,14,13.47,22.2,69.03,10.25
21,Avarua,100,CK,1575831168,73,-21.21,-159.78,77.0,13.87
22,Kapaa,1,US,1575831169,100,22.08,-159.32,71.6,5.82
23,Kovdor,98,RU,1575831171,94,67.56,30.47,20.1,2.8
24,Kavieng,100,PG,1575831172,73,-2.57,150.8,84.06,7.87
25,Cape Town,20,ZA,1575831173,56,-33.93,18.42,70.0,17.22
26,Berlevag,75,NO,1575831174,92,70.86,29.09,30.2,29.97
27,San Jose de Gracia,0,MX,1575831175,21,20.67,-102.58,77.13,3.22
28,Mataura,50,NZ,1575831177,77,-46.19,168.86,52.0,10.0
29,Lebu,81,ET,1575831178,77,8.96,38.73,57.24,1.52
30,Sungaipenuh,100,ID,1575831179,98,-2.08,101.38,61.97,2.89
31,Naron,75,ES,1575831180,81,43.52,-8.15,55.99,2.24
32,Port Macquarie,90,AU,1575831065,73,-31.43,152.91,71.01,9.17
33,Port Hardy,75,CA,1575831182,100,50.7,-127.42,33.8,2.24
34,Geraldton,75,CA,1575831183,60,49.72,-86.95,6.8,10.29
35,Hermanus,29,ZA,1575831185,75,-34.42,19.24,69.01,11.01
36,Bethel,90,US,1575831186,80,60.79,-161.76,33.8,11.41
37,Mugan,0,CN,1575831187,36,35.94,101.38,17.98,3.67
38,Bonfim,10,GY,1575831188,39,3.36,-59.84,93.76,11.14
39,Ecoporanga,100,BR,1575831188,90,-18.37,-40.83,67.26,5.28
40,Bambanglipuro,100,ID,1575831190,91,-7.95,110.28,76.01,3.8
41,Sao Joao da Barra,40,BR,1575831191,57,-21.64,-41.05,80.6,13.87
42,Yellowknife,20,CA,1575831055,66,62.45,-114.38,-31.0,8.05
43,Mount Gambier,99,AU,1575831193,23,-37.83,140.78,73.4,12.75
44,Rocha,0,UY,1575830906,22,-34.48,-54.34,87.35,12.55
45,Hobart,94,AU,1575831065,58,-42.88,147.33,59.0,9.17
46,Narsaq,100,GL,1575831197,27,60.91,-46.05,39.2,12.75
47,Altay,41,CN,1575831198,72,47.83,88.13,11.5,5.91
48,Harrisburg,1,US,1575831199,52,40.27,-76.89,43.0,11.41
49,Nabire,98,ID,1575831200,96,-3.36,135.5,71.42,2.1
50,Jodhpur,0,IN,1575831136,41,26.3,73.04,63.39,8.55
51,Thompson,5,CA,1575831202,68,55.74,-97.86,-20.2,8.05
52,Barrow,32,AR,1575831203,16,-38.31,-60.23,87.4,17.81
53,Paternion,90,AT,1575831204,100,46.71,13.64,39.99,2.24
54,Honiara,40,SB,1575830949,88,-9.43,159.96,77.0,3.36
55,Arman,100,RU,1575831207,75,59.7,150.17,8.94,13.13
56,Albany,75,US,1575831208,58,42.65,-73.75,35.01,6.93
57,Piura,78,PE,1575831209,39,-5.2,-80.63,90.34,0.51
58,Walvis Bay,76,NA,1575831210,68,-22.95,14.51,69.8,10.29
59,Leh,40,IN,1575831211,18,34.16,77.58,2.68,3.53
60,Saint-Philippe,90,CA,1575831212,73,45.36,-73.48,28.0,17.22
61,Barinitas,52,VE,1575831213,97,8.76,-70.41,57.52,1.99
62,Dunedin,33,NZ,1575831014,65,-45.87,170.5,51.01,23.0
63,Jamestown,71,AU,1575831215,11,-33.21,138.6,72.61,7.7
64,New Norfolk,100,AU,1575831216,58,-42.78,147.06,59.0,9.17
65,Butaritari,100,KI,1575831218,75,3.07,172.79,79.83,8.39
66,Cegled,90,HU,1575831219,100,47.17,19.8,39.2,5.82
67,Bredasdorp,90,ZA,1575831220,63,-34.53,20.04,66.2,16.11
68,Khatanga,53,RU,1575831221,85,71.98,102.47,-12.57,3.8
69,Gejiu,13,CN,1575831222,75,23.36,103.16,36.01,3.2
70,Chuy,0,UY,1575831223,33,-33.69,-53.46,83.59,8.14
71,Ilulissat,23,GL,1575831224,50,69.22,-51.1,5.0,1.12
72,Saint Lawrence,71,MT,1575831225,87,36.06,14.2,61.0,6.93
73,Bathsheba,0,BB,1575831227,64,13.22,-59.52,80.91,17.65
74,Erzurum,75,TR,1575831228,92,39.91,41.27,21.2,2.24
75,Tasiilaq,83,GL,1575831229,68,65.61,-37.64,24.8,2.24
76,West Plains,90,US,1575831230,87,36.73,-91.85,50.0,10.29
77,Miramar,20,CR,1575831231,54,10.09,-84.73,80.6,19.46
78,Saskylakh,91,RU,1575831232,93,71.97,114.09,-12.06,7.58
79,Neryungri,100,RU,1575831233,88,56.66,124.71,-12.5,2.75
80,Hilo,1,US,1575831235,64,19.71,-155.08,75.99,4.27
81,Kailua,20,US,1575831236,88,21.39,-157.74,73.0,3.2
82,Saint Anthony,100,US,1575831237,96,43.97,-111.68,35.6,19.24
83,Kuala Lipis,100,MY,1575831239,97,4.19,102.05,70.9,1.43
84,Esperance,90,AU,1575831241,71,-33.86,121.89,55.4,2.24
85,Lompoc,90,US,1575831243,93,34.64,-120.46,63.0,6.93
86,Binalan,100,PH,1575831248,77,18.33,121.55,74.37,21.27
87,Upernavik,62,GL,1575831249,62,72.79,-56.15,3.79,10.94
88,Westport,1,US,1575830964,47,41.14,-73.36,41.0,8.05
89,Northam,0,AU,1575831251,81,-31.65,116.67,57.99,5.08
90,Sobolevo,74,RU,1575831252,88,54.43,31.9,33.48,12.95
91,Georgetown,75,GY,1575831254,79,6.8,-58.16,84.2,9.17
92,Iralaya,75,HN,1575831255,79,15.0,-83.23,84.2,11.41
93,Rikitea,92,PF,1575831256,80,-23.12,-134.97,73.35,26.64
94,Vostok,0,RU,1575831257,77,46.45,135.83,-11.22,5.19
95,Castro,40,CL,1575831258,63,-42.48,-73.76,64.4,4.7
96,Punta Arenas,75,CL,1575831260,66,-53.16,-70.91,55.4,16.11
97,Atuona,100,PF,1575831261,75,-9.8,-139.03,79.41,14.27
98,Bainbridge,90,US,1575831262,72,30.9,-84.58,70.0,10.29
99,Lorengau,64,PG,1575831263,71,-2.02,147.27,83.43,4.5
100,Hervey Bay,0,AU,1575831264,88,-25.3,152.85,72.0,5.82
101,Tiksi,1,RU,1575831265,83,71.64,128.87,-25.11,6.53
102,Bani,0,YE,1575831266,69,16.02,42.93,81.91,3.89
103,Tabou,100,CI,1575831267,86,4.42,-7.36,77.81,3.8
104,Sorland,75,NO,1575831268,64,67.67,12.69,35.6,18.34
105,Dikson,71,RU,1575831269,95,73.51,80.55,-6.84,19.98
106,Masuguru,97,MZ,1575831271,85,-11.38,38.46,77.09,6.02
107,Codrington,100,AU,1575831272,78,-28.95,153.24,73.4,4.7
108,Cidreira,0,BR,1575831273,76,-30.17,-50.22,71.44,14.63
109,Kijang,14,KR,1575831274,79,35.24,129.21,26.6,3.36
110,Pevek,100,RU,1575831275,94,69.7,170.27,-3.24,14.2
111,Amahai,49,ID,1575831276,74,-3.31,129.0,81.63,4.41
112,Goure,98,NE,1575831277,17,13.98,10.27,79.0,1.99
113,Huilong,51,CN,1575831278,66,31.15,106.5,50.32,0.87
114,Bonavista,19,CA,1575831279,73,48.65,-53.11,25.0,14.0
115,Faya,7,SA,1575831280,87,18.39,42.45,59.0,3.36
116,San Isidro,40,CR,1575831282,60,10.02,-84.06,80.6,17.22
117,Reconquista,41,AR,1575831283,26,-29.14,-59.64,91.9,6.87
118,Norman Wells,20,CA,1575831284,66,65.28,-126.83,-29.2,3.36
119,Kalianget,100,ID,1575831286,91,-7.35,109.91,70.88,1.12
120,Inuvik,20,CA,1575831287,75,68.36,-133.71,-14.8,6.93
121,Nikolskoye,75,RU,1575831288,83,59.7,30.79,36.0,8.95
122,Kavaratti,21,IN,1575831289,76,10.57,72.64,82.04,10.51
123,Puerto del Rosario,40,ES,1575831291,68,28.5,-13.86,68.0,20.8
124,Chokurdakh,0,RU,1575831292,64,70.62,147.9,-28.3,0.45
125,Pirovskoye,100,RU,1575831293,92,57.63,92.27,26.44,11.16
126,Tuktoyaktuk,20,CA,1575831294,75,69.44,-133.03,-18.4,11.41
127,Puerto Ayora,20,EC,1575831295,69,-0.74,-90.35,77.0,12.75
128,Ponta do Sol,94,BR,1575831296,69,-20.63,-46.0,79.36,6.4
129,Santa Ana,90,MX,1575831297,50,30.54,-111.12,70.0,1.99
130,Clyde River,75,CA,1575831298,68,70.47,-68.59,-14.8,5.82
131,Puteyets,100,RU,1575831300,89,65.17,57.09,28.6,15.46
132,Lernanist,75,AM,1575831301,86,40.47,44.79,39.2,7.65
133,Ikalamavony,92,MG,1575831302,37,-21.17,46.6,78.49,6.33
134,Colares,75,PT,1575831303,100,38.8,-9.45,61.0,3.36
135,Wucheng,0,CN,1575831304,31,29.09,119.57,36.0,1.28
136,Brae,49,GB,1575831306,93,60.4,-1.35,44.6,17.22
137,Severo-Kurilsk,100,RU,1575831307,86,50.68,156.12,20.16,12.44
138,Hovd,90,NO,1575831308,100,63.83,10.7,34.0,9.17
139,Bandarbeyla,5,SO,1575831309,85,9.49,50.81,80.55,13.67
140,Alyangula,0,AU,1575831310,94,-13.85,136.42,78.8,3.36
141,Leningradskiy,100,RU,1575831311,99,69.38,178.42,5.94,26.75
142,Burdur,75,TR,1575831312,75,37.72,30.29,44.6,16.11
143,Vyshneve,93,UA,1575831313,100,50.39,30.37,37.99,6.71
144,Ostersund,75,SE,1575831314,92,63.18,14.64,25.0,6.93
145,Viedma,13,AR,1575831316,35,-40.81,-62.99,73.11,13.87
146,Carnarvon,78,ZA,1575831317,49,-30.97,22.13,68.27,22.93
147,Lagoa,40,PT,1575831319,87,37.14,-8.45,63.0,4.7
148,Longyearbyen,45,NO,1575831320,60,78.22,15.63,5.0,5.82
149,Tura,97,RU,1575831321,100,64.27,100.22,-2.96,1.57
150,Guerrero Negro,100,MX,1575831322,64,27.97,-114.04,71.89,10.94
151,Belmonte,100,PT,1575831323,95,40.36,-7.35,55.0,2.66
152,Lappeenranta,90,FI,1575831324,89,61.06,28.19,33.8,5.82
153,Jiaozuo,0,CN,1575831325,33,35.21,113.25,44.65,13.96
154,Nanortalik,100,GL,1575831326,66,60.14,-45.24,32.79,14.74
155,Staryy Nadym,100,RU,1575831328,92,65.61,72.68,2.82,23.17
156,Yulara,61,AU,1575831329,20,-25.24,130.99,86.0,12.75
157,Husavik,83,CA,1575831330,71,50.56,-96.99,0.0,8.01
158,Henties Bay,75,NA,1575831331,86,-22.12,14.28,68.0,5.01
159,Coquimbo,20,CL,1575831332,63,-29.95,-71.34,64.4,12.75
160,Kodiak,75,US,1575831333,71,39.95,-94.76,51.8,8.05
161,Chekhov,75,RU,1575831334,74,55.14,37.45,36.0,8.95
162,Necochea,49,AR,1575831335,65,-38.55,-58.74,84.0,8.01
163,Boyolangu,100,ID,1575831336,92,-8.09,111.9,75.69,5.86
164,Airai,0,TL,1575831338,72,-8.93,125.41,67.3,2.46
165,Belyy Yar,40,RU,1575831339,80,53.6,91.39,30.2,15.66
166,Qasigiannguit,23,GL,1575831341,50,68.82,-51.19,5.0,1.12
167,Aklavik,40,CA,1575831342,75,68.22,-135.01,-14.8,9.17
168,Pisco,90,PE,1575831343,30,-13.71,-76.2,73.0,5.82
169,Roald,40,NO,1575831344,81,62.58,6.12,44.01,16.11
170,Luwuk,73,ID,1575831346,72,-0.95,122.79,82.18,4.68
171,Ancud,40,CL,1575831347,63,-41.87,-73.83,64.4,4.7
172,Cururupu,7,BR,1575831348,44,-1.82,-44.87,91.44,8.59
173,Gushikawa,52,JP,1575831349,63,26.35,127.87,64.4,11.41
174,Puro,88,PH,1575831350,85,13.13,123.76,77.38,12.84
175,Cabra,33,ES,1575831129,81,37.47,-4.43,54.0,2.24
176,Ushirombo,95,TZ,1575831354,90,-3.47,31.9,67.32,2.33
177,Inirida,77,CO,1575831355,51,3.87,-67.92,93.02,1.43
178,Klaksvik,100,FO,1575831356,64,62.23,-6.59,39.2,19.46
179,Iqaluit,90,CA,1575831357,62,63.75,-68.52,19.4,31.09
180,Dombarovskiy,99,RU,1575831359,96,50.76,59.54,30.0,6.76
181,San Patricio,11,PY,1575831360,25,-26.98,-56.83,93.15,3.8
182,Marfino,90,RU,1575831361,86,56.07,37.56,36.0,13.42
183,Muroto,2,JP,1575831362,82,33.37,134.14,41.22,4.88
184,Gizo,40,IL,1575831363,82,31.8,34.94,60.8,11.41
185,Hami,0,CN,1575831364,60,42.84,93.51,23.22,1.88
186,Bria,1,CF,1575831366,29,6.54,21.99,77.29,1.86
187,Beloha,84,MG,1575831367,79,-25.17,45.06,75.49,10.65
188,Mar del Plata,61,AR,1575831207,50,-46.43,-67.52,62.47,16.75
189,Sinnamary,15,GF,1575831369,79,5.38,-52.96,81.18,15.97
190,Westerland,75,NL,1575831370,70,52.89,4.93,50.0,26.4
191,Opuwo,0,NA,1575831315,35,-18.06,13.84,75.31,16.93
192,Sur,13,OM,1575831372,70,22.57,59.53,74.32,4.47
193,Hualmay,23,PE,1575831373,60,-11.1,-77.61,75.96,10.42
194,Mahebourg,75,MU,1575831374,94,-20.41,57.7,80.01,1.12
195,Miri,15,NG,1575831376,18,10.31,9.75,75.67,4.45
196,Vangaindrano,85,MG,1575831377,97,-23.35,47.6,75.13,3.65
197,Saint George,40,GR,1575831378,100,39.45,22.34,44.6,0.92
198,Cabadiangan,40,PH,1575831379,83,10.45,123.98,78.8,5.82
199,Mayo,75,CA,1575831380,75,63.59,-135.9,-16.6,4.12
200,Ribeira Grande,75,PT,1575831381,93,38.52,-28.7,64.4,11.41
201,Wattegama,100,LK,1575831382,91,7.35,80.68,71.71,2.66
202,Oranjemund,83,ZA,1575831384,81,-28.55,16.43,64.8,9.24
203,Naze,40,NG,1575831385,70,5.43,7.07,86.0,6.93
204,Grand Gaube,75,MU,1575831303,94,-20.01,57.66,80.01,1.12
205,Sabha,100,LY,1575831387,23,27.03,14.43,67.44,9.86
206,Lenger,100,KZ,1575831391,100,42.18,69.89,35.6,4.47
207,Banjar,100,ID,1575831392,88,-7.37,108.54,76.23,1.16
208,Staraya Russa,100,RU,1575831393,81,57.99,31.36,35.01,11.07
209,San Vicente,86,EC,1575831394,83,-0.59,-80.41,80.6,10.29
210,Maine-Soroa,28,NE,1575831396,18,13.21,12.02,76.48,9.51
211,Carrick-on-Suir,75,IE,1575831397,87,52.35,-7.41,45.0,18.34
212,North Platte,1,US,1575831398,61,41.12,-100.77,54.0,7.09
213,Mogocha,100,RU,1575831399,97,53.73,119.76,-12.77,2.89
214,Verkhnyachka,79,UA,1575831400,91,48.83,30.04,33.42,6.33
215,Manta,10,RO,1575831401,72,45.1,24.1,39.51,1.81
216,Nago,75,IT,1575831402,87,45.88,10.89,44.6,3.36
217,Meadow Lake,75,CA,1575831404,70,54.13,-108.44,-4.0,4.7
218,Hayden,1,US,1575831405,80,47.77,-116.79,41.0,3.36
219,Boquira,61,BR,1575831186,43,-12.82,-42.73,87.69,6.24
220,Candolim,40,IN,1575831411,83,15.52,73.76,80.6,4.7
221,Namibe,11,AO,1575831412,79,-15.19,12.15,72.39,15.19
222,Gunnedah,0,AU,1575831414,68,-30.98,150.25,68.0,8.05
223,Arraial do Cabo,31,BR,1575831415,65,-22.97,-42.02,80.6,19.46
224,Hasaki,20,JP,1575831416,67,35.73,140.83,37.0,5.82
225,Fatezh,75,RU,1575831417,93,52.09,35.86,32.0,4.47
226,Axim,30,GH,1575831418,82,4.87,-2.24,79.2,5.08
227,Preobrazheniye,99,RU,1575831419,96,42.9,133.91,23.4,1.45
228,Faanui,24,PF,1575831421,76,-16.48,-151.75,81.48,10.87
229,Hamilton,90,CA,1575831312,69,43.26,-79.87,46.0,20.8
230,Nueva Loja,75,EC,1575831423,66,0.08,-76.88,87.8,4.7
231,Tashtagol,100,RU,1575831424,96,52.76,87.85,21.49,4.85
232,Bambous Virieux,75,MU,1575831303,94,-20.34,57.76,80.01,1.12
233,Iroquois Falls,90,CA,1575831426,97,48.76,-80.69,32.0,9.17
234,Tres Arroyos,33,AR,1575831428,12,-38.38,-60.28,91.71,15.7
235,Muisne,20,EC,1575831429,74,0.61,-80.02,84.2,10.29
236,Pitimbu,75,BR,1575831430,62,-7.47,-34.81,86.0,13.87
237,Neepawa,90,CA,1575831431,58,50.23,-99.46,-2.2,21.92
238,Saint Andrews,8,NZ,1575831433,92,-44.53,171.19,53.01,4.0
239,Figeac,90,FR,1575831435,100,44.61,2.03,51.01,11.41
240,Dakar,28,SN,1575831374,50,14.69,-17.45,75.2,12.75
241,Ratnagiri,33,IN,1575831437,76,16.98,73.3,73.31,2.51
242,Torbay,75,CA,1575831438,68,47.66,-52.73,28.99,14.99
243,Terrace,75,CA,1575831439,85,54.52,-128.61,21.99,10.29
244,Vardo,1,US,1575831440,56,39.62,-77.74,46.0,16.11
245,Mucuri,100,BR,1575831441,88,-18.08,-39.55,74.95,13.13
246,Cesvaine,100,LV,1575831443,93,56.97,26.31,39.58,13.94
247,Ridgecrest,75,US,1575831270,58,35.62,-117.67,59.0,16.11
248,Pangnirtung,75,CA,1575831445,56,66.15,-65.72,12.2,3.36
249,Cambridge,75,CA,1575831326,69,43.39,-80.31,44.01,19.46
250,Deputatskiy,48,RU,1575831447,85,69.3,139.9,-16.62,1.03
251,Nuevo Ideal,0,MX,1575831448,28,24.89,-105.07,66.65,4.03
252,Bugo,100,ID,1575831449,83,-6.78,110.71,79.03,2.66
253,Birao,24,CF,1575831450,25,10.3,22.78,73.85,7.85
254,Barcelona,40,ES,1575831451,81,41.38,2.18,54.0,11.41
255,Nuevo Progreso,90,US,1575831452,57,26.05,-97.95,80.01,12.75
256,Porto Novo,40,BR,1575831454,35,-23.68,-45.44,84.2,6.93
257,Atar,46,MR,1575831455,22,20.52,-13.05,74.07,11.1
258,Touros,20,BR,1575831456,55,-5.2,-35.46,87.8,18.34
259,Ayan,100,IR,1575831458,86,38.23,44.7,26.42,7.76
260,Victoria,75,BN,1575831459,88,5.28,115.24,77.0,18.32
261,Maumere,10,ID,1575831461,72,-8.63,122.22,77.0,4.16
262,Diffa,81,NE,1575831462,17,13.32,12.61,76.75,8.25
263,Mogadishu,32,SO,1575831463,83,2.04,45.34,81.43,18.84
264,Cockburn Town,40,TC,1575831429,69,21.46,-71.14,80.6,10.29
265,Los Llanos de Aridane,40,ES,1575831465,68,28.66,-17.92,68.0,14.99
266,Jardim,100,BR,1575831466,40,-21.48,-56.15,90.37,9.46
267,Kununurra,1,AU,1575831467,78,-15.77,128.74,82.4,4.7
268,Cap Malheureux,75,MU,1575831468,94,-19.98,57.61,80.01,1.12
269,Kibaya,75,RW,1575831470,94,-2.2,30.56,66.0,5.82
270,Zuwarah,100,LY,1575831430,60,32.93,12.08,70.0,16.28
271,Bogen,98,DE,1575831472,77,48.91,12.69,46.0,7.94
272,Gat,93,SN,1575831473,50,14.69,-16.54,87.8,12.75
273,Gazanjyk,82,TM,1575831474,72,39.24,55.52,44.69,6.44
274,Tilichiki,4,RU,1575831475,88,60.47,166.1,-12.84,10.78
275,Muromtsevo,100,RU,1575831476,97,56.37,75.24,23.65,5.73
276,Qaanaaq,93,GL,1575831477,64,77.48,-69.36,-2.52,7.94
277,Saint-Augustin,90,CA,1575831478,63,45.63,-73.98,30.0,11.41
278,Khorramshahr,17,IR,1575831480,87,30.43,48.18,55.4,4.09
279,Chuzhou,3,CN,1575831481,65,32.25,118.33,41.0,5.55
280,Cobourg,90,CA,1575831378,59,43.96,-78.17,41.0,13.87
281,Saldanha,93,PT,1575831483,98,41.42,-6.55,45.12,4.12
282,Savannakhet,11,TH,1575831485,68,16.57,104.76,55.99,9.91
283,Daru,65,PG,1575831486,89,-9.07,143.21,75.09,4.18
284,Iquitos,75,PE,1575831487,100,-3.75,-73.25,42.8,6.93
285,College,90,US,1575831488,85,64.86,-147.8,23.0,9.17
286,Mazatlan,20,MX,1575831489,62,23.22,-106.42,84.2,3.36
287,Seoul,75,KR,1575831212,100,37.57,126.98,28.4,3.36
288,Fairbanks,90,US,1575831241,85,64.84,-147.72,23.0,9.17
289,Prince Albert,5,CA,1575831493,76,53.2,-105.75,-11.2,2.24
290,Coihaique,75,CL,1575831494,45,-45.58,-72.07,66.2,5.82
291,Alugan,40,PH,1575831495,88,12.22,125.48,78.39,8.84
292,Villa Carlos Paz,40,AR,1575831377,32,-31.42,-64.5,91.0,4.7
293,Dawlatabad,72,AF,1575831497,40,36.41,64.91,50.74,3.96
294,Padilla,40,CO,1575831498,48,3.23,-76.31,86.0,3.36
295,Manicore,76,BR,1575831499,46,-5.81,-61.3,93.25,1.52
296,Vihti,75,FI,1575831501,100,60.42,24.32,39.0,19.46
297,Meulaboh,89,ID,1575831502,77,4.14,96.13,81.45,4.85
298,Isangel,100,VU,1575831503,85,-19.55,169.27,75.38,6.42
299,Maragogi,33,BR,1575831498,77,-9.01,-35.22,81.03,15.21
300,Kongolo,97,CD,1575831505,97,-5.39,27.0,67.91,1.7
301,Kiama,90,AU,1575831506,77,-34.67,150.86,69.01,8.05
302,Cabo San Lucas,5,MX,1575831296,65,22.89,-109.91,82.0,2.24
303,Teahupoo,75,PF,1575831509,65,-17.83,-149.27,82.4,13.87
304,Beringovskiy,98,RU,1575831510,93,63.05,179.32,-1.05,31.81
305,Buchanan,75,LR,1575831512,88,5.88,-10.05,82.4,4.7
306,Labuhan,93,ID,1575831513,94,-2.54,115.51,72.41,1.39
307,Barrhead,90,CA,1575831514,85,54.12,-114.4,10.4,9.17
308,Sola,91,TZ,1575831515,86,-3.17,33.8,68.16,7.45
309,Ostrovnoy,100,RU,1575831516,98,68.05,39.51,30.63,15.35
310,Antigonish,75,CA,1575831518,85,45.62,-61.99,25.0,17.22
311,Abha,7,SA,1575831519,87,18.22,42.5,59.0,3.36
312,Beyneu,12,KZ,1575831520,80,45.32,55.19,33.73,12.3
313,Padang,100,ID,1575831521,93,-0.92,100.36,68.45,4.9
314,Kodinsk,100,RU,1575831522,94,58.6,99.18,23.99,9.64
315,Havoysund,20,NO,1575831524,58,71.0,24.66,28.4,16.11
316,Luderitz,77,NA,1575831525,88,-26.65,15.16,66.2,13.87
317,Palana,94,RU,1575831527,90,59.08,159.95,-0.26,4.92
318,Hohhot,1,CN,1575831528,84,40.81,111.65,8.6,4.47
319,Wasilla,75,US,1575831529,79,61.58,-149.44,37.0,4.27
320,Redmond,90,US,1575831349,93,47.67,-122.12,50.0,3.36
321,Viransehir,8,TR,1575831532,75,37.24,39.76,48.99,0.76
322,Mumford,49,GH,1575831533,83,5.26,-0.76,78.33,5.41
323,Terney,0,RU,1575831534,59,45.05,136.61,5.22,6.26
324,Grindavik,40,IS,1575831535,76,63.84,-22.43,32.0,14.99
325,Arkadak,100,RU,1575831536,97,51.94,43.49,33.66,11.14
326,Udachnyy,90,RU,1575831537,83,66.42,112.4,-13.0,2.24
327,Mandera,18,ET,1575831538,23,3.94,41.86,81.0,1.01
328,Isla Mujeres,90,MX,1575831539,65,21.23,-86.73,80.6,5.82
329,Kuybyshevo,98,UA,1575831540,93,44.63,33.86,39.02,3.24
330,Saint-Pierre,20,FR,1575831542,93,48.95,4.24,48.2,17.22
331,Vanimo,94,PG,1575831543,80,-2.67,141.3,83.75,16.67
332,Musoma,75,TZ,1575831544,94,-1.5,33.81,68.0,1.79
333,Cayenne,13,GF,1575831545,94,4.94,-52.33,78.8,5.82
334,Sokoni,89,CD,1575831546,92,-12.89,28.78,66.85,1.95
335,Gorom-Gorom,7,BF,1575831547,9,14.45,-0.24,80.19,8.03
336,Vila Velha,20,BR,1575831548,62,-3.71,-38.6,86.0,10.29
337,Baft,3,IR,1575831549,85,29.23,56.61,42.26,4.85
338,Qaqortoq,100,GL,1575831551,27,60.72,-46.03,39.2,12.75
339,Provideniya,100,RU,1575831552,98,64.42,-173.23,29.89,27.78
340,Kaitangata,75,NZ,1575831553,66,-46.28,169.85,54.0,11.01
341,Kirakira,100,SB,1575831554,85,-10.46,161.92,77.92,5.17
342,Kruisfontein,95,ZA,1575831555,83,-34.0,24.73,60.33,14.23
343,Phan Thiet,55,VN,1575831458,83,10.93,108.1,66.96,2.8
344,Tessalit,81,ML,1575831557,9,20.2,1.01,79.25,8.81
345,Luanda,40,AO,1575831487,74,-8.83,13.24,80.6,10.29
346,Warmbad,90,DE,1575831560,87,50.67,13.08,53.01,10.29
347,Biak,73,ID,1575831561,72,-0.91,122.88,82.18,4.68
348,Portland,40,US,1575831300,31,43.66,-70.25,34.0,4.7
349,Acapulco,5,MX,1575831563,45,16.86,-99.88,87.8,4.83
350,Havre-Saint-Pierre,1,CA,1575831564,61,50.23,-63.6,17.6,6.93
351,Ternuvate,90,UA,1575831565,100,47.83,36.13,37.4,2.55
352,Blagoveshchensk,57,RU,1575831566,74,50.29,127.53,-22.0,2.24
353,Oytal,0,KZ,1575831567,73,42.91,73.27,32.5,4.25
354,Jacksonville,90,US,1575831374,82,30.33,-81.66,68.0,10.29
355,Ico,64,PE,1575831570,53,-13.77,-72.87,60.1,7.47
356,Neyshabur,100,IR,1575831571,36,36.21,58.79,50.16,9.44
357,Comandau,80,RO,1575831572,96,45.77,26.27,35.01,44.0
358,Aquiraz,20,BR,1575831574,62,-3.9,-38.39,86.0,10.29
359,Bereda,75,ES,1575831576,81,43.27,-7.54,55.0,2.24
360,Sharjah,0,AE,1575831577,73,25.36,55.39,75.2,6.93
361,Vao,100,EE,1575831578,93,59.1,26.19,39.76,15.46
362,Port Lincoln,94,AU,1575831579,58,-34.72,135.86,67.33,12.91
363,Katangli,1,RU,1575831580,87,51.71,143.23,-5.17,9.44
364,Batticaloa,100,LK,1575831582,93,7.71,81.69,74.41,2.17
365,Chadiza,26,ZM,1575831583,79,-14.06,32.43,71.35,5.95
366,Kautokeino,35,NO,1575831584,89,69.01,23.04,5.58,3.33
367,Superior,75,US,1575831585,34,39.95,-105.17,53.6,14.99
368,Talaya,75,RU,1575831586,100,55.79,84.89,30.2,8.95
369,Lasa,40,CY,1575831587,76,34.92,32.53,55.4,9.17
370,Luba,0,PH,1575831589,78,17.32,120.7,66.96,7.14
371,Palauig,0,PH,1575831590,74,15.44,119.9,69.98,5.84
372,Poum,15,MK,1575831591,86,41.28,20.71,37.4,2.24
373,Besancon,90,FR,1575831592,87,47.25,6.02,50.0,21.92
374,Cabedelo,75,BR,1575831593,62,-6.97,-34.84,86.0,13.87
375,Koulikoro,95,ML,1575831594,25,12.86,-7.56,84.2,4.7
376,Taltal,8,CL,1575831595,67,-25.41,-70.49,63.0,8.63
377,Tongliao,0,CN,1575831596,85,43.61,122.27,20.37,8.48
378,Fortuna,90,US,1575831597,100,40.6,-124.16,54.0,4.7
379,Taungdwingyi,0,MM,1575831599,62,20.0,95.55,60.44,1.05
380,Arlit,10,NE,1575831600,9,18.74,7.39,80.4,6.38
381,Ziro,0,IN,1575831601,62,27.54,93.82,47.93,3.4
382,Cherskiy,100,RU,1575831603,98,68.75,161.3,-22.31,1.92
383,Kapuskasing,90,CA,1575831492,85,49.42,-82.43,19.4,12.75
384,San Gabriel,75,US,1575831606,72,34.1,-118.11,66.0,6.71
385,Manggar,59,ID,1575831607,76,-2.88,108.27,81.52,8.48
386,Vicam,20,MX,1575831609,44,27.64,-110.3,80.6,3.36
387,Olinda,82,AU,1575831610,42,-37.84,145.39,68.0,25.28
388,Khandyga,48,RU,1575831613,91,62.65,135.58,-42.38,0.98
389,Shenjiamen,0,CN,1575831614,64,29.96,122.3,51.39,5.46
390,Broome,20,GB,1575831615,75,52.47,1.45,45.0,18.34
391,Ucluelet,90,CA,1575831528,93,48.94,-125.55,46.99,4.7
392,La Ronge,5,CA,1575831343,75,55.1,-105.3,-14.8,3.36
393,Kaoma,89,ZM,1575831618,90,-14.8,24.8,69.21,4.03
394,Mehamn,67,NO,1575831620,79,71.03,27.85,28.94,9.73
395,Shimoda,40,JP,1575831621,75,34.7,138.93,46.4,5.82
396,Braunau,75,DE,1575831622,75,51.08,9.12,46.99,10.29
397,Sao Filipe,57,CV,1575831624,76,14.9,-24.5,70.0,23.26
398,Meridian,90,US,1575831546,81,43.61,-116.39,46.0,9.17
399,Pangody,85,RU,1575831627,90,65.85,74.49,-2.51,18.57
400,Sibolga,95,ID,1575831444,96,1.74,98.78,70.57,3.27
401,Salalah,75,OM,1575831629,83,17.01,54.1,80.6,2.24
402,Byron Bay,90,AU,1575831630,78,-28.65,153.62,73.4,5.82
403,Great Yarmouth,20,GB,1575831631,75,52.61,1.73,44.6,18.34
404,Kigoma,75,TZ,1575831633,88,-4.88,29.64,71.6,2.26
405,Alofi,30,NU,1575831634,83,-19.06,-169.92,77.0,10.29
406,Voh,100,NC,1575831635,89,-20.95,164.69,77.14,15.88
407,Mezen,100,RU,1575831637,97,65.85,44.24,32.7,14.18
408,Telma,72,RU,1575831638,92,52.7,103.72,14.0,2.24
409,Mindelo,75,PT,1575831639,100,41.31,-8.72,61.0,1.12
410,Kanniyakumari,48,IN,1575831607,72,8.08,77.57,80.47,30.71
411,Kabinda,100,CD,1575831641,97,-6.14,24.49,66.38,1.81
412,Mirnyy,85,RU,1575831642,87,56.57,36.46,32.11,9.95
413,Ladybrand,99,ZA,1575831644,42,-29.19,27.46,70.57,4.25
414,Kiunga,48,PG,1575831645,91,-6.12,141.3,70.3,1.01
415,Kushiro,0,JP,1575831646,59,43.11,144.15,15.76,6.44
416,Laguna,75,BZ,1575831647,100,16.17,-88.94,71.6,4.7
417,Pimentel,27,BR,1575831648,40,-3.7,-45.5,95.09,6.6
418,Mikkeli,90,FI,1575831649,94,61.69,27.27,32.0,5.82
419,Changli,100,CN,1575831650,56,30.54,105.42,51.78,1.21
420,Mercedes,76,UY,1575831635,25,-33.25,-58.03,89.4,7.05
421,Nhulunbuy,0,AU,1575831653,83,-12.18,136.78,78.8,5.88
422,Guajara,75,BR,1575831654,66,-0.88,-48.16,86.0,10.29
423,Ayorou,79,NE,1575831655,8,14.73,0.92,81.81,8.61
424,Shingu,0,JP,1575831657,72,33.72,135.99,50.74,9.66
425,Gazojak,11,TM,1575831658,60,41.19,61.4,45.45,12.21
426,Tomohon,20,ID,1575831659,100,1.33,124.84,75.2,1.12
427,Souillac,75,FR,1575831660,87,45.6,-0.6,51.01,9.17
428,Katsuura,40,JP,1575831662,75,33.93,134.5,42.8,9.17
429,Champerico,40,MX,1575831664,51,16.38,-93.6,80.6,6.93
430,Skagen,58,SE,1575831665,87,58.6,13.44,44.01,17.22
431,Half Moon Bay,75,US,1575831666,87,37.46,-122.43,59.0,5.66
432,Sao Miguel do Araguaia,100,BR,1575831667,69,-13.28,-50.16,82.33,2.08
433,Kamenka,66,MD,1575831668,91,48.03,28.7,28.99,4.63
434,Praya,40,ID,1575831650,88,-8.71,116.27,78.8,2.51
435,Venado Tuerto,33,AR,1575831603,11,-33.75,-61.97,99.34,12.41
436,Alzamay,100,RU,1575831671,91,55.55,98.67,25.12,8.72
437,Ust-Kuyga,12,RU,1575831673,98,70.0,135.55,-31.43,6.69
438,Sangar,0,RU,1575831674,89,63.92,127.47,-35.61,6.22
439,Shu,0,KZ,1575831676,61,43.6,73.76,30.0,5.01
440,Port-Gentil,20,GA,1575831677,83,-0.72,8.78,80.6,9.17
441,Tual,94,ID,1575831678,76,-5.67,132.75,83.17,6.78
442,Pokhara,0,NP,1575831679,63,28.21,83.99,51.37,2.91
443,Am Timan,24,TD,1575831680,17,11.04,20.28,76.33,3.15
444,Caribou,1,US,1575831682,62,46.86,-68.01,27.0,9.17
445,Tabursuq,40,TN,1575831683,87,36.46,9.25,59.0,6.93
446,Ugoofaaru,45,MV,1575831684,80,5.67,73.0,82.51,20.22
447,Guanica,1,PR,1575831685,67,17.97,-66.91,86.0,13.87
448,Thinadhoo,62,MV,1575831686,82,0.53,72.93,83.01,13.8
449,Iranshahr,24,IR,1575831687,93,27.21,60.69,62.6,4.14
450,Miranda,100,BR,1575831688,40,-20.24,-56.38,94.06,2.26
451,Itatskiy,100,RU,1575831690,95,56.07,89.04,27.03,14.38
452,Stonewall,75,CA,1575831416,64,50.13,-97.33,1.0,14.99
453,Turbat,100,PK,1575831692,47,26.0,63.05,69.82,5.7
454,Mocuba,64,MZ,1575831693,81,-16.84,36.99,77.18,5.66
455,Inta,100,RU,1575831694,87,66.04,60.13,29.07,17.54
456,Gewane,100,ET,1575831696,60,10.16,40.66,76.86,1.95
457,Olean,90,US,1575831697,71,42.08,-78.43,42.01,13.87
458,Marolambo,100,MG,1575831698,95,-20.05,48.13,70.36,3.58
459,Ixtapa,5,MX,1575831699,58,20.71,-105.21,84.2,6.93
460,Santander,75,PH,1575831700,88,9.42,123.33,80.6,11.41
461,Kankan,78,GN,1575831701,15,10.38,-9.3,84.67,2.68
462,Pierre,90,US,1575831656,92,44.37,-100.35,30.0,16.11
463,Baykit,97,RU,1575831704,89,61.68,96.39,10.65,9.55
464,Ilhabela,0,BR,1575831705,74,-23.78,-45.36,74.01,18.79
465,Wanning,100,AT,1575831706,93,48.64,13.53,42.01,6.93
466,Calvinia,69,ZA,1575831707,40,-31.47,19.78,70.47,17.58
467,Golden,75,US,1575831708,34,39.76,-105.22,53.6,14.99
468,Gorontalo,59,ID,1575831709,93,0.54,123.06,74.64,3.42
469,Eureka,90,US,1575831607,100,40.8,-124.16,54.0,4.7
470,Misratah,100,LY,1575831697,50,32.38,15.09,71.28,10.78
471,Imeni Poliny Osipenko,87,RU,1575831713,97,52.42,136.49,-14.37,7.07
472,Vizinga,100,RU,1575831714,96,61.08,50.08,33.01,13.2
473,Tanout,19,NE,1575831715,13,14.97,8.88,76.82,10.98
474,Dinhata,0,IN,1575831716,55,26.13,89.46,63.36,5.68
475,Abay,90,KZ,1575831718,92,49.63,72.87,28.4,11.18
476,Aykhal,90,RU,1575831719,83,65.95,111.51,-13.0,2.24
477,Bonthe,30,SL,1575831720,68,7.53,-12.5,83.84,10.42
478,Rach Gia,81,VN,1575831721,78,10.02,105.08,71.6,4.7
479,Vallenar,0,CL,1575831722,37,-28.58,-70.76,73.98,13.11
480,Ichnya,77,UA,1575831724,94,50.86,32.39,35.47,8.88
481,Kaya,81,NG,1575831726,17,13.31,12.68,76.75,8.25
482,Rio Gallegos,75,AR,1575831727,62,-51.62,-69.22,59.0,3.47
483,Lagos,20,NG,1575831728,83,6.46,3.39,84.2,9.17
484,Balabac,91,PH,1575831729,79,7.99,117.06,80.89,15.39
485,Rio Grande,11,BR,1575831527,35,-32.03,-52.1,87.8,11.41
486,Vancouver,90,CA,1575831708,93,49.26,-123.12,48.2,1.41
487,Basoko,26,CD,1575831732,70,1.23,23.61,75.78,0.29
488,Niteroi,0,BR,1575831734,31,-29.95,-51.16,89.6,9.17
489,Fare,52,PF,1575831735,76,-16.7,-151.02,81.63,10.6
490,Povenets,97,RU,1575831736,84,62.85,34.83,30.47,10.8
491,Comodoro Rivadavia,60,AR,1575831737,45,-45.87,-67.48,68.0,18.34
492,Bilma,86,NE,1575831738,20,18.69,12.92,65.86,2.64
493,San Ignacio,41,PE,1575831740,82,-5.15,-79.0,74.21,3.27
494,Dingle,13,PH,1575831741,91,11.0,122.67,74.32,12.24
495,Whitehorse,75,CA,1575831612,92,60.72,-135.06,19.4,16.11
496,Abu Zabad,0,SD,1575831743,24,12.35,29.25,72.23,11.12
497,Yerbogachen,92,RU,1575831746,98,61.28,108.01,3.67,2.86
498,Manokwari,86,ID,1575831747,80,-0.87,134.08,74.73,3.94
499,Tsabong,66,BW,1575831748,48,-26.02,22.4,80.55,3.33
500,Miraflores,8,PE,1575831750,37,-16.39,-71.52,68.0,12.75
501,Vila Franca do Campo,20,PT,1575831620,77,37.72,-25.43,64.4,5.82
502,Lock Haven,90,US,1575831581,48,41.14,-77.45,39.99,11.41
503,Romilly-sur-Seine,100,FR,1575831754,81,48.52,3.72,48.2,14.99
504,Gdynia,90,PL,1575831755,93,54.52,18.54,48.0,18.34
505,Sol-Iletsk,78,RU,1575831756,90,51.16,55.0,26.42,9.95
506,Delijan,13,IR,1575831758,48,33.99,50.69,39.67,5.12
507,Ndungu,95,TZ,1575831759,82,-4.38,38.06,72.45,7.09
508,Killybegs,75,IE,1575831760,70,54.63,-8.45,46.4,34.45
509,Krosno,98,PL,1575831761,86,49.69,21.77,39.99,14.99
510,Maturin,41,VE,1575831762,59,9.75,-63.18,87.19,7.54
511,Buraydah,0,SA,1575831763,62,26.33,43.97,59.0,5.82
512,Wewak,38,PG,1575831765,85,-3.55,143.63,77.18,5.19
513,Mareeba,24,AU,1575831766,69,-16.99,145.42,75.2,8.05
514,Usakos,4,NA,1575831767,76,-22.0,15.59,63.27,11.72
515,Matiao,75,PH,1575831768,100,6.95,126.23,75.2,2.24
516,Ahipara,79,NZ,1575831769,100,-35.17,173.16,61.0,15.66
517,Anadyr,90,RU,1575831771,92,64.73,177.51,15.8,22.37
518,Itarema,8,BR,1575831772,49,-2.92,-39.92,88.88,14.54
519,Ninghai,0,CN,1575831773,86,29.29,121.42,43.0,4.47
520,Moore,84,US,1575831775,58,35.34,-97.49,62.01,13.87
521,Ajaccio,75,FR,1575831776,81,41.93,8.74,55.4,5.82
522,Bumba,1,CD,1575831777,65,2.18,22.47,77.41,1.45
523,Venice,1,US,1575831564,54,27.1,-82.45,82.0,8.05
524,Puerto Narino,75,CO,1575831780,70,-3.77,-70.38,87.8,2.93
525,Aksarka,100,RU,1575831781,93,66.56,67.8,10.36,16.84
526,Jalu,75,LY,1575831782,48,29.03,21.55,62.65,5.37
527,Bolisong,75,PH,1575831783,88,9.69,123.15,80.6,11.41
528,Camacha,75,PT,1575831697,72,33.08,-16.33,66.2,9.17
529,Zhigansk,28,RU,1575831786,92,66.77,123.37,-33.93,9.35
530,Saint-Joseph,0,FR,1575831787,81,43.56,6.97,54.0,2.24
531,Gayeri,0,BF,1575831788,10,12.65,0.49,81.57,8.52
532,Bako,1,BF,1575831789,9,12.29,-0.73,81.5,8.12
533,Zhangjiakou,22,CN,1575831791,78,40.77,114.88,17.35,2.46
534,Harbour Breton,100,CA,1575831792,100,47.48,-55.8,30.0,10.0
535,Kamaishi,0,JP,1575831793,63,39.28,141.86,28.8,5.08
536,Galle,79,GN,1575831794,37,10.08,-12.83,81.48,1.77
537,Khasan,89,RU,1575831796,56,42.43,130.64,20.66,4.03
538,Batemans Bay,80,AU,1575831797,96,-35.71,150.18,62.01,1.01
539,Srednekolymsk,93,RU,1575831798,100,67.46,153.71,-29.16,1.36
540,Sitka,84,US,1575831799,44,37.17,-99.65,57.99,5.3
541,Najran,0,SA,1575831800,40,17.54,44.22,71.6,2.26
542,Floro,75,NO,1575831802,81,61.6,5.03,44.6,24.16
543,Antalaha,100,MG,1575831803,80,-14.9,50.28,82.65,17.72
544,Alexandria,7,RO,1575831622,90,43.97,25.33,33.01,1.88
545,Adrar,0,DZ,1575831805,34,27.87,-0.29,64.4,8.05
546,Dicabisagan,61,PH,1575831807,82,17.08,122.42,72.91,12.59
547,George Town,20,MY,1575831741,65,5.42,100.33,80.6,13.87
548,Aksu,90,KZ,1575831809,92,52.04,76.93,30.2,11.18
549,Chernyshkovskiy,100,RU,1575831810,98,48.42,42.23,36.54,3.29
550,Bud,75,NO,1575831811,94,62.91,6.91,42.8,10.29
551,Egvekinot,100,RU,1575831813,87,66.32,-179.17,3.06,21.21
552,Sable-sur-Sarthe,89,FR,1575831814,81,47.84,-0.33,51.8,17.22
553,Mossendjo,60,CG,1575831815,96,-2.95,12.72,72.79,2.26
554,Umm Lajj,0,SA,1575831816,52,25.02,37.27,65.07,5.53
555,Kaeo,53,NZ,1575831817,88,-35.1,173.78,62.01,11.88
556,Nome,75,US,1575831819,73,30.04,-94.42,70.0,8.05
557,Bikaner,19,IN,1575831820,36,28.02,73.32,63.12,4.79
558,Tonantins,93,BR,1575831821,65,-2.86,-67.77,85.19,4.83
559,Tuatapere,12,NZ,1575831823,76,-46.13,167.69,53.01,8.99
560,Hilton Head Island,1,US,1575831824,51,32.16,-80.75,63.0,8.05
561,Amapa,75,HN,1575831825,65,15.09,-87.97,82.4,9.17
562,Aitape,31,PG,1575831826,77,-3.15,142.36,83.64,14.12
563,Strezhevoy,90,RU,1575831827,84,60.73,77.6,8.6,11.18
564,Wamba,69,CD,1575831828,85,2.14,27.99,71.22,1.36
